date,segmento,curva,0.25,0.5,1.0,2.0,3.0,5.0,7.0,10.0,15.0,20.0,25.0,30.0
2016-01-31,Soberano,Gob CERO Pesos,-0.0951,-0.0604,-0.0123,0.0218,0.0140,-0.0503,-0.1316,-0.2496,-0.4293,-0.6147,-0.8320,-1.0999
2016-02-29,Soberano,Gob CERO Pesos,-0.0920,-0.0506,0.0045,0.0410,0.0284,-0.0504,-0.1444,-0.2746,-0.4607,-0.6427,-0.8509,-1.1058
2016-03-31,Soberano,Gob CERO Pesos,-0.0847,-0.0505,-0.0011,0.0359,0.0265,-0.0483,-0.1410,-0.2712,-0.4586,-0.6419,-0.8513,-1.1072
2016-04-30,Soberano,Gob CERO Pesos,-0.0679,-0.0530,-0.0194,0.0189,0.0184,-0.0434,-0.1300,-0.2577,-0.4469,-0.6342,-0.8485,-1.1100
2016-05-31,Soberano,Gob CERO Pesos,-0.0788,-0.0619,-0.0284,0.0068,0.0071,-0.0455,-0.1217,-0.2378,-0.4196,-0.6086,-0.8301,-1.1026
2016-06-30,Soberano,Gob CERO Pesos,-0.0431,-0.0630,-0.0592,-0.0208,-0.0042,-0.0353,-0.1036,-0.2189,-0.4066,-0.6025,-0.8306,-1.1101
2016-07-31,Soberano,Gob CERO Pesos,-0.0402,-0.0600,-0.0557,-0.0165,-0.0007,-0.0349,-0.1063,-0.2247,-0.4141,-0.6093,-0.8354,-1.1117
2016-08-31,Soberano,Gob CERO Pesos,-0.0052,-0.0461,-0.0558,-0.0103,0.0119,-0.0264,-0.1108,-0.2471,-0.4514,-0.6471,-0.8649,-1.1270
2016-09-30,Soberano,Gob CERO Pesos,-0.0069,-0.0402,-0.0431,0.0032,0.0210,-0.0276,-0.1196,-0.2624,-0.4693,-0.6624,-0.8747,-1.1292
2016-10-31,Soberano,Gob CERO Pesos,-0.0101,-0.0404,-0.0405,0.0057,0.0222,-0.0285,-0.1214,-0.2648,-0.4716,-0.6640,-0.8755,-1.1290
2016-11-30,Soberano,Gob CERO Pesos,-0.0501,-0.0659,-0.0596,-0.0226,-0.0072,-0.0371,-0.1022,-0.2134,-0.3977,-0.5936,-0.8238,-1.1066
2016-12-31,Soberano,Gob CERO Pesos,0.0355,-0.0542,-0.1046,-0.0570,-0.0120,-0.0142,-0.0798,-0.2060,-0.4126,-0.6190,-0.8516,-1.1315
2017-01-31,Soberano,Gob CERO Pesos,0.0002,-0.0594,-0.0832,-0.0338,-0.0004,-0.0225,-0.0996,-0.2335,-0.4410,-0.6415,-0.8646,-1.1325
2017-02-28,Soberano,Gob CERO Pesos,0.0155,-0.0631,-0.1026,-0.0522,-0.0097,-0.0178,-0.0877,-0.2178,-0.4263,-0.6311,-0.8598,-1.1345
2017-03-31,Soberano,Gob CERO Pesos,0.0193,-0.0867,-0.1490,-0.0965,-0.0368,-0.0130,-0.0630,-0.1793,-0.3854,-0.5990,-0.8421,-1.1351
2017-04-30,Soberano,Gob CERO Pesos,0.0022,-0.0901,-0.1382,-0.0812,-0.0264,-0.0163,-0.0780,-0.2054,-0.4175,-0.6276,-0.8617,-1.1420
2017-05-31,Soberano,Gob CERO Pesos,-0.0727,-0.1085,-0.1114,-0.0583,-0.0236,-0.0343,-0.0980,-0.2179,-0.4169,-0.6193,-0.8497,-1.1286
2017-06-30,Soberano,Gob CERO Pesos,-0.0494,-0.1237,-0.1606,-0.1093,-0.0549,-0.0262,-0.0636,-0.1633,-0.3565,-0.5697,-0.8197,-1.1246
2017-07-31,Soberano,Gob CERO Pesos,-0.0041,-0.1387,-0.2268,-0.1744,-0.0908,-0.0118,-0.0203,-0.1019,-0.2944,-0.5221,-0.7943,-1.1269
2017-08-31,Soberano,Gob CERO Pesos,-0.0055,-0.1569,-0.2620,-0.2134,-0.1187,-0.0103,0.0056,-0.0536,-0.2354,-0.4703,-0.7600,-1.1175
2017-09-30,Soberano,Gob CERO Pesos,-0.0403,-0.1580,-0.2360,-0.1906,-0.1104,-0.0199,-0.0097,-0.0682,-0.2436,-0.4726,-0.7572,-1.1099
2017-10-31,Soberano,Gob CERO Pesos,-0.0481,-0.1595,-0.2335,-0.1904,-0.1125,-0.0221,-0.0092,-0.0633,-0.2347,-0.4633,-0.7495,-1.1054
2017-11-30,Soberano,Gob CERO Pesos,-0.0736,-0.1779,-0.2492,-0.2113,-0.1329,-0.0273,0.0043,-0.0291,-0.1865,-0.4179,-0.7168,-1.0921
2017-12-31,Soberano,Gob CERO Pesos,-0.0621,-0.1716,-0.2458,-0.2056,-0.1260,-0.0247,0.0004,-0.0408,-0.2040,-0.4349,-0.7294,-1.0978
2018-01-31,Soberano,Gob CERO Pesos,-0.0258,-0.1704,-0.2729,-0.2299,-0.1355,-0.0147,0.0172,-0.0237,-0.1927,-0.4299,-0.7305,-1.1048
2018-02-28,Soberano,Gob CERO Pesos,-0.0484,-0.1708,-0.2554,-0.2142,-0.1293,-0.0210,0.0065,-0.0346,-0.2000,-0.4331,-0.7297,-1.1004
2018-03-31,Soberano,Gob CERO Pesos,-0.0662,-0.1652,-0.2298,-0.1887,-0.1151,-0.0265,-0.0107,-0.0596,-0.2257,-0.4531,-0.7409,-1.1000
2018-04-30,Soberano,Gob CERO Pesos,-0.0579,-0.1622,-0.2304,-0.1879,-0.1126,-0.0245,-0.0113,-0.0638,-0.2331,-0.4608,-0.7470,-1.1033
2018-05-31,Soberano,Gob CERO Pesos,-0.0678,-0.1667,-0.2332,-0.1954,-0.1216,-0.0273,-0.0043,-0.0448,-0.2052,-0.4336,-0.7266,-1.0938
2018-06-30,Soberano,Gob CERO Pesos,-0.1082,-0.1679,-0.2017,-0.1651,-0.1081,-0.0381,-0.0262,-0.0711,-0.2278,-0.4487,-0.7326,-1.0891
2018-07-31,Soberano,Gob CERO Pesos,-0.1296,-0.1640,-0.1764,-0.1406,-0.0953,-0.0446,-0.0428,-0.0936,-0.2495,-0.4648,-0.7405,-1.0872
2018-08-31,Soberano,Gob CERO Pesos,-0.1425,-0.1545,-0.1471,-0.1102,-0.0766,-0.0491,-0.0631,-0.1259,-0.2854,-0.4943,-0.7584,-1.0896
2018-09-30,Soberano,Gob CERO Pesos,-0.1861,-0.1524,-0.1079,-0.0749,-0.0616,-0.0617,-0.0862,-0.1511,-0.3037,-0.5038,-0.7589,-1.0808
2018-10-31,Soberano,Gob CERO Pesos,-0.1724,-0.1364,-0.0907,-0.0597,-0.0511,-0.0607,-0.0917,-0.1613,-0.3150,-0.5126,-0.7636,-1.0800
2018-11-30,Soberano,Gob CERO Pesos,-0.1655,-0.1194,-0.0625,-0.0272,-0.0264,-0.0605,-0.1134,-0.2039,-0.3689,-0.5608,-0.7963,-1.0904
2018-12-31,Soberano,Gob CERO Pesos,-0.1307,-0.1054,-0.0628,-0.0218,-0.0149,-0.0522,-0.1167,-0.2235,-0.4021,-0.5946,-0.8228,-1.1042
2019-01-31,Soberano,Gob CERO Pesos,-0.0897,-0.0904,-0.0691,-0.0274,-0.0126,-0.0433,-0.1087,-0.2201,-0.4047,-0.6002,-0.8289,-1.1097
2019-02-28,Soberano,Gob CERO Pesos,-0.1053,-0.0780,-0.0320,0.0107,0.0108,-0.0490,-0.1339,-0.2602,-0.4493,-0.6367,-0.8510,-1.1126
2019-03-31,Soberano,Gob CERO Pesos,-0.0829,-0.0624,-0.0188,0.0295,0.0295,-0.0443,-0.1467,-0.2930,-0.4957,-0.6806,-0.8830,-1.1260
2019-04-30,Soberano,Gob CERO Pesos,-0.0671,-0.0592,-0.0252,0.0247,0.0295,-0.0402,-0.1434,-0.2929,-0.4997,-0.6864,-0.8887,-1.1305
2019-05-31,Soberano,Gob CERO Pesos,-0.0034,-0.0330,-0.0241,0.0373,0.0529,-0.0252,-0.1521,-0.3340,-0.5674,-0.7547,-0.9419,-1.1578
2019-06-30,Soberano,Gob CERO Pesos,-0.0130,-0.0269,0.0033,0.0786,0.0871,-0.0263,-0.1896,-0.4100,-0.6674,-0.8468,-1.0075,-1.1836
2019-07-31,Soberano,Gob CERO Pesos,0.0449,0.0037,0.0179,0.1048,0.1189,-0.0135,-0.2074,-0.4656,-0.7511,-0.9283,-1.0687,-1.2120
2019-08-31,Soberano,Gob CERO Pesos,0.0570,0.0313,0.0631,0.1565,0.1581,-0.0132,-0.2421,-0.5337,-0.8374,-1.0054,-1.1210,-1.2288
2019-09-30,Soberano,Gob CERO Pesos,0.0382,0.0257,0.0515,0.1080,0.0946,-0.0599,-0.2567,-0.5135,-0.8024,-0.9865,-1.1322,-1.2781
2019-10-31,Soberano,Gob CERO Pesos,-0.0293,-0.0485,-0.0263,0.0431,0.0571,-0.0356,-0.1818,-0.3905,-0.6507,-0.8442,-1.0236,-1.2230
2019-11-30,Soberano,Gob CERO Pesos,-0.0585,-0.0906,-0.0780,-0.0008,0.0333,-0.0170,-0.1302,-0.3081,-0.5511,-0.7515,-0.9532,-1.1879
2019-12-31,Soberano,Gob CERO Pesos,-0.0431,-0.0692,-0.0523,0.0208,0.0451,-0.0259,-0.1550,-0.3478,-0.5991,-0.7960,-0.9869,-1.2044
2020-01-31,Soberano,Gob CERO Pesos,-0.0738,-0.0789,-0.0451,0.0271,0.0450,-0.0302,-0.1566,-0.3424,-0.5851,-0.7786,-0.9698,-1.1907
2020-02-29,Soberano,Gob CERO Pesos,-0.1091,-0.1254,-0.1001,-0.0198,0.0190,-0.0101,-0.0993,-0.2498,-0.4716,-0.6720,-0.8881,-1.1486
2020-03-31,Soberano,Gob CERO Pesos,-0.0943,-0.1997,-0.2413,-0.1353,-0.0332,0.0362,0.0005,-0.1184,-0.3425,-0.5712,-0.8293,-1.1444
2020-04-30,Soberano,Gob CERO Pesos,-0.0222,-0.1116,-0.1388,-0.0450,0.0181,-0.0075,-0.1256,-0.3276,-0.6064,-0.8245,-1.0289,-1.2544
2020-05-31,Soberano,Gob CERO Pesos,0.0114,-0.0557,-0.0657,0.0174,0.0513,-0.0352,-0.2003,-0.4455,-0.7485,-0.9564,-1.1288,-1.3042
2020-06-30,Soberano,Gob CERO Pesos,0.0580,-0.0845,-0.1545,-0.0583,0.0198,0.0023,-0.1250,-0.3468,-0.6488,-0.8753,-1.0773,-1.2923
2020-07-31,Soberano,Gob CERO Pesos,0.0461,-0.0953,-0.1641,-0.0666,0.0147,0.0057,-0.1139,-0.3277,-0.6242,-0.8515,-1.0585,-1.2818
2020-08-31,Soberano,Gob CERO Pesos,0.0287,-0.0762,-0.1162,-0.0259,0.0324,-0.0141,-0.1552,-0.3835,-0.6826,-0.9003,-1.0907,-1.2913
2020-09-30,Soberano,Gob CERO Pesos,0.0218,-0.1572,-0.2558,-0.1448,-0.0251,0.0414,-0.0228,-0.1878,-0.4596,-0.7008,-0.9462,-1.2286
2020-10-31,Soberano,Gob CERO Pesos,0.0475,-0.1474,-0.2588,-0.1479,-0.0243,0.0450,-0.0212,-0.1906,-0.4676,-0.7108,-0.9560,-1.2363
2020-11-30,Soberano,Gob CERO Pesos,0.0227,-0.1693,-0.2779,-0.1639,-0.0342,0.0509,-0.0009,-0.1556,-0.4227,-0.6677,-0.9221,-1.2179
2020-12-31,Soberano,Gob CERO Pesos,-0.0020,-0.1605,-0.2424,-0.1332,-0.0219,0.0345,-0.0327,-0.1969,-0.4646,-0.7020,-0.9441,-1.2235
2021-01-31,Soberano,Gob CERO Pesos,0.0150,-0.1579,-0.2514,-0.1409,-0.0240,0.0391,-0.0268,-0.1923,-0.4634,-0.7036,-0.9475,-1.2283
2021-02-28,Soberano,Gob CERO Pesos,-0.0188,-0.2301,-0.3534,-0.2280,-0.0689,0.0788,0.0760,-0.0332,-0.2746,-0.5297,-0.8174,-1.1655
2021-03-31,Soberano,Gob CERO Pesos,-0.0836,-0.3080,-0.4406,-0.3018,-0.1104,0.1101,0.1670,0.1153,-0.0916,-0.3575,-0.6850,-1.0971
2021-04-30,Soberano,Gob CERO Pesos,-0.1511,-0.2427,-0.3321,-0.3131,-0.1955,0.0260,0.1306,0.1307,-0.0435,-0.3183,-0.6881,-1.1739
2021-05-31,Soberano,Gob CERO Pesos,-0.1761,-0.2585,-0.3354,-0.3097,-0.1942,0.0204,0.1232,0.1278,-0.0364,-0.3047,-0.6717,-1.1575
2021-06-30,Soberano,Gob CERO Pesos,-0.2789,-0.3168,-0.3341,-0.2786,-0.1792,-0.0105,0.0738,0.0892,-0.0334,-0.2697,-0.6174,-1.0926
2021-07-31,Soberano,Gob CERO Pesos,-0.2805,-0.2969,-0.2890,-0.2292,-0.1505,-0.0311,0.0210,0.0169,-0.1039,-0.3243,-0.6490,-1.0951
2021-08-31,Soberano,Gob CERO Pesos,-0.3317,-0.3224,-0.2800,-0.2043,-0.1374,-0.0506,-0.0146,-0.0180,-0.1190,-0.3205,-0.6310,-1.0653
2021-09-30,Soberano,Gob CERO Pesos,-0.4393,-0.3446,-0.1940,-0.0781,-0.0657,-0.1142,-0.1501,-0.1683,-0.2130,-0.3505,-0.6035,-0.9831
2021-10-31,Soberano,Gob CERO Pesos,-0.3937,-0.3339,-0.2307,-0.1340,-0.0954,-0.0630,-0.0342,0.0019,-0.0210,-0.1795,-0.4790,-0.9275
2021-11-30,Soberano,Gob CERO Pesos,-0.3853,-0.2576,-0.0745,0.0353,0.0029,-0.1394,-0.2344,-0.2890,-0.3340,-0.4457,-0.6598,-0.9891
2021-12-31,Soberano,Gob CERO Pesos,-0.2151,-0.1670,-0.0941,-0.0390,-0.0347,-0.0618,-0.0843,-0.1080,-0.1827,-0.3471,-0.6203,-1.0164
2022-01-31,Soberano,Gob CERO Pesos,-0.1311,-0.0747,-0.0015,0.0359,0.0127,-0.0616,-0.1119,-0.1526,-0.2288,-0.3833,-0.6409,-1.0164
2022-02-28,Soberano,Gob CERO Pesos,-0.1306,-0.0746,-0.0020,0.0351,0.0123,-0.0602,-0.1085,-0.1471,-0.2217,-0.3760,-0.6350,-1.0128
2022-03-31,Soberano,Gob CERO Pesos,-0.1165,-0.0185,0.0996,0.1402,0.0754,-0.0845,-0.1802,-0.2354,-0.2878,-0.4098,-0.6357,-0.9786
2022-04-30,Soberano,Gob CERO Pesos,-0.1035,-0.0466,0.0219,0.0514,0.0246,-0.0398,-0.0681,-0.0749,-0.1172,-0.2659,-0.5390,-0.9468
2022-05-31,Soberano,Gob CERO Pesos,0.1248,0.0816,0.0147,-0.0223,-0.0100,0.0448,0.0835,0.0924,-0.0006,-0.2111,-0.5426,-1.0088
2022-06-30,Soberano,Gob CERO Pesos,0.1876,0.1360,0.0535,0.0016,0.0067,0.0550,0.0900,0.0945,-0.0034,-0.2159,-0.5477,-1.0126
2022-07-31,Soberano,Gob CERO Pesos,0.1818,0.1637,0.1189,0.0729,0.0487,0.0342,0.0351,0.0283,-0.0519,-0.2398,-0.5468,-0.9861
2022-08-31,Soberano,Gob CERO Pesos,0.1525,0.1538,0.1334,0.0968,0.0617,0.0192,0.0044,-0.0075,-0.0788,-0.2543,-0.5488,-0.9749
2022-09-30,Soberano,Gob CERO Pesos,0.2779,0.2064,0.0916,0.0160,0.0204,0.0883,0.1456,0.1735,0.0900,-0.1279,-0.4785,-0.9735
2022-10-31,Soberano,Gob CERO Pesos,0.4222,0.3033,0.1233,0.0115,0.0231,0.1177,0.1796,0.1867,0.0594,-0.1854,-0.5467,-1.0407
2022-11-30,Soberano,Gob CERO Pesos,0.6252,0.4410,0.1742,0.0143,0.0313,0.1421,0.1858,0.1336,-0.0801,-0.3637,-0.7239,-1.1860
2022-12-31,Soberano,Gob CERO Pesos,0.5941,0.4688,0.2710,0.1257,0.0940,0.0875,0.0534,-0.0482,-0.2624,-0.5091,-0.8136,-1.2029
2023-01-31,Soberano,Gob CERO Pesos,0.6236,0.4421,0.1786,0.0193,0.0342,0.1397,0.1800,0.1259,-0.0876,-0.3694,-0.7272,-1.1862
2023-02-28,Soberano,Gob CERO Pesos,0.5499,0.4006,0.1782,0.0375,0.0420,0.1216,0.1540,0.1104,-0.0751,-0.3378,-0.6860,-1.1422
2023-03-31,Soberano,Gob CERO Pesos,0.6233,0.4787,0.2570,0.1034,0.0821,0.1014,0.0811,-0.0170,-0.2406,-0.4991,-0.8148,-1.2154
2023-04-30,Soberano,Gob CERO Pesos,0.5794,0.4383,0.2233,0.0784,0.0664,0.1069,0.1077,0.0346,-0.1681,-0.4251,-0.7529,-1.1769
2023-05-31,Soberano,Gob CERO Pesos,0.5782,0.4427,0.2341,0.0903,0.0732,0.1013,0.0936,0.0144,-0.1893,-0.4429,-0.7648,-1.1804
2023-06-30,Soberano,Gob CERO Pesos,0.6706,0.4703,0.1827,0.0120,0.0316,0.1490,0.1907,0.1269,-0.1055,-0.3985,-0.7599,-1.2170
2023-07-31,Soberano,Gob CERO Pesos,0.6145,0.3934,0.0876,-0.0743,-0.0210,0.1653,0.2510,0.2151,-0.0164,-0.3282,-0.7183,-1.2128
2023-08-31,Soberano,Gob CERO Pesos,0.4866,0.3186,0.0812,-0.0485,-0.0111,0.1329,0.2044,0.1830,-0.0052,-0.2861,-0.6592,-1.1467
2023-09-30,Soberano,Gob CERO Pesos,0.3383,0.2163,0.0422,-0.0516,-0.0185,0.1069,0.1804,0.1860,0.0452,-0.2100,-0.5765,-1.0719
2023-10-31,Soberano,Gob CERO Pesos,0.1968,0.1214,0.0108,-0.0471,-0.0209,0.0786,0.1484,0.1761,0.0804,-0.1476,-0.5040,-1.0018
2023-11-30,Soberano,Gob CERO Pesos,0.3446,0.2252,0.0546,-0.0390,-0.0119,0.0935,0.1456,0.1259,-0.0359,-0.2915,-0.6442,-1.1140
2023-12-31,Soberano,Gob CERO Pesos,0.3381,0.2316,0.0776,-0.0117,0.0024,0.0683,0.0843,0.0279,-0.1581,-0.4086,-0.7367,-1.1658
2024-01-31,Soberano,Gob CERO Pesos,0.3505,0.2111,0.0187,-0.0783,-0.0354,0.0996,0.1618,0.1347,-0.0507,-0.3229,-0.6838,-1.1559
2024-02-29,Soberano,Gob CERO Pesos,0.1797,0.1130,0.0173,-0.0331,-0.0162,0.0412,0.0620,0.0293,-0.1174,-0.3470,-0.6702,-1.1065
2024-03-31,Soberano,Gob CERO Pesos,0.1493,0.0966,0.0193,-0.0227,-0.0111,0.0318,0.0461,0.0152,-0.1208,-0.3414,-0.6584,-1.0905
2024-04-30,Soberano,Gob CERO Pesos,0.0019,-0.0272,-0.0655,-0.0731,-0.0454,0.0223,0.0652,0.0763,-0.0148,-0.2232,-0.5524,-1.0158
2024-05-31,Soberano,Gob CERO Pesos,0.0044,-0.0585,-0.1355,-0.1493,-0.0896,0.0526,0.1436,0.1835,0.0897,-0.1427,-0.5058,-1.0124
2024-06-30,Soberano,Gob CERO Pesos,-0.0787,-0.1218,-0.1692,-0.1623,-0.0998,0.0416,0.1396,0.1981,0.1312,-0.0892,-0.4526,-0.9689
2024-07-31,Soberano,Gob CERO Pesos,-0.0522,-0.1042,-0.1640,-0.1640,-0.1001,0.0462,0.1436,0.1958,0.1174,-0.1090,-0.4737,-0.9878
2024-08-31,Soberano,Gob CERO Pesos,-0.0077,-0.0197,-0.0359,-0.0373,-0.0260,-0.0062,-0.0036,-0.0301,-0.1420,-0.3415,-0.6427,-1.0623
2024-09-30,Soberano,Gob CERO Pesos,0.0265,0.0191,0.0063,-0.0007,-0.0046,-0.0225,-0.0545,-0.1183,-0.2576,-0.4552,-0.7345,-1.1160
2024-10-31,Soberano,Gob CERO Pesos,-0.0807,-0.0439,0.0031,0.0266,0.0082,-0.0531,-0.1032,-0.1582,-0.2604,-0.4288,-0.6897,-1.0600
2024-11-30,Soberano,Gob CERO Pesos,-0.0521,-0.0224,0.0143,0.0307,0.0112,-0.0516,-0.1072,-0.1734,-0.2897,-0.4631,-0.7219,-1.0845
2024-12-31,Soberano,Gob CERO Pesos,-0.1046,-0.0791,-0.0430,-0.0164,-0.0177,-0.0413,-0.0650,-0.1002,-0.1959,-0.3729,-0.6509,-1.0457
2025-01-31,Soberano,Gob CERO Pesos,-0.0781,-0.0651,-0.0454,-0.0266,-0.0229,-0.0332,-0.0515,-0.0890,-0.1958,-0.3813,-0.6647,-1.0627
2025-02-28,Soberano,Gob CERO Pesos,-0.1495,-0.1116,-0.0578,-0.0197,-0.0206,-0.0459,-0.0646,-0.0853,-0.1609,-0.3292,-0.6082,-1.0115
2025-03-31,Soberano,Gob CERO Pesos,-0.1257,-0.1066,-0.0766,-0.0471,-0.0358,-0.0297,-0.0294,-0.0418,-0.1242,-0.3052,-0.5987,-1.0185
2025-04-30,Soberano,Gob CERO Pesos,-0.0828,-0.0862,-0.0856,-0.0692,-0.0475,-0.0135,0.0006,-0.0117,-0.1102,-0.3065,-0.6122,-1.0420
2025-05-31,Soberano,Gob CERO Pesos,-0.0944,-0.1152,-0.1340,-0.1185,-0.0763,0.0068,0.0561,0.0709,-0.0188,-0.2271,-0.5567,-1.0208
2025-06-30,Soberano,Gob CERO Pesos,0.2779,0.0020,-0.4371,-0.3180,-0.1948,-0.0249,0.0491,0.0400,-0.1371,-0.3942,-0.7056,-1.1004
2025-07-31,Soberano,Gob CERO Pesos,0.2686,0.0375,-0.3072,-0.3227,-0.2206,-0.0501,0.0262,0.0113,-0.1840,-0.4515,-0.7584,-1.1326
2025-08-31,Soberano,Gob CERO Pesos,0.1809,-0.0026,-0.2889,-0.2891,-0.1875,-0.0276,0.0421,0.0298,-0.1458,-0.3981,-0.7048,-1.0956
2025-09-30,Soberano,Gob CERO Pesos,0.2007,-0.0085,-0.2755,-0.3273,-0.2243,-0.0386,0.0544,0.0609,-0.1141,-0.3820,-0.7070,-1.1145
2025-10-31,Soberano,Gob CERO Pesos,0.2051,0.0029,-0.2583,-0.3426,-0.2424,-0.0493,0.0504,0.0597,-0.1217,-0.3977,-0.7268,-1.1324
2025-11-30,Soberano,Gob CERO Pesos,0.1577,-0.0372,-0.3035,-0.2674,-0.1648,-0.0191,0.0374,0.0151,-0.1605,-0.4056,-0.7048,-1.0906
2025-12-31,Soberano,Gob CERO Pesos,0.1316,-0.0378,-0.3257,-0.2572,-0.1493,-0.0079,0.0434,0.0185,-0.1527,-0.3921,-0.6900,-1.0795
2026-01-31,Soberano,Gob CERO Pesos,0.1573,-0.0545,-0.3025,-0.2581,-0.1572,-0.0189,0.0311,0.0028,-0.1756,-0.4183,-0.7130,-1.0926
2026-02-28,Soberano,Gob CERO Pesos,0.1171,-0.0403,-0.2895,-0.2102,-0.1196,-0.0164,0.0059,-0.0448,-0.2258,-0.4509,-0.7212,-1.0749
2026-03-31,Soberano,Gob CERO Pesos,0.0480,-0.0351,-0.1714,-0.3028,-0.2381,-0.0746,0.0216,0.0398,-0.1230,-0.3862,-0.7085,-1.1119
2026-04-30,Soberano,Gob CERO Pesos,-0.0024,-0.0757,-0.2272,-0.1658,-0.1180,-0.0550,-0.0388,-0.0799,-0.2399,-0.4476,-0.7039,-1.0458
2026-05-31,Soberano,Gob CERO Pesos,0.0439,-0.1362,-0.4062,-0.1531,-0.0804,-0.0277,-0.0225,-0.0651,-0.2085,-0.4012,-0.6555,-1.0104
2026-06-30,Soberano,Gob CERO Pesos,0.0557,-0.1190,-0.3842,-0.1868,-0.0870,0.0081,0.0314,-0.0019,-0.1463,-0.3523,-0.6302,-1.0179
2026-07-31,Soberano,Gob CERO Pesos,0.0173,-0.1446,-0.3315,-0.1891,-0.1033,-0.0045,0.0319,0.0153,-0.1169,-0.3238,-0.6099,-1.0099
2016-01-31,Bancario,CORP Bancarios AAA,-0.1368,-0.2365,-0.6197,-0.2270,-0.1527,0.0050,0.0501,-0.0579,-0.5082,-1.1098,-1.8313,-2.5454
2016-02-29,Bancario,CORP Bancarios AAA,-0.6667,-0.0932,-0.4136,-0.1643,-0.0799,-0.0035,-0.0171,-0.1560,-0.5739,-1.0882,-1.8225,-2.5408
2016-03-31,Bancario,CORP Bancarios AAA,-0.7480,0.0058,-0.3027,-0.1975,-0.1202,-0.0269,-0.0171,-0.1287,-0.5318,-1.0697,-1.7753,-2.4809
2016-04-30,Bancario,CORP Bancarios AAA,-0.6094,-0.0893,-0.4206,-0.1694,-0.0854,0.0028,-0.0156,-0.1726,-0.6011,-1.0776,-1.8452,-2.5778
2016-05-31,Bancario,CORP Bancarios AAA,-0.2783,-0.7562,-0.0452,-0.2053,-0.2008,-0.0986,-0.0604,-0.1303,-0.4798,-0.9885,-1.8089,-2.6496
2016-06-30,Bancario,CORP Bancarios AAA,-0.2997,-0.7338,-0.2396,-0.1478,-0.0794,-0.0626,-0.0801,-0.1845,-0.5381,-1.0179,-1.8444,-2.6845
2016-07-31,Bancario,CORP Bancarios AAA,-0.6172,-0.2744,-0.1784,-0.1380,-0.1165,-0.0929,-0.0895,-0.1678,-0.5003,-0.9885,-1.7968,-2.6306
2016-08-31,Bancario,CORP Bancarios AAA,-0.8391,0.1041,-0.2595,-0.1390,-0.1370,-0.1048,-0.0752,-0.1189,-0.4364,-0.9684,-1.7456,-2.5702
2016-09-30,Bancario,CORP Bancarios AAA,-0.8388,0.2286,-0.2000,-0.2176,-0.2282,-0.1131,-0.0312,-0.0404,-0.3589,-0.9351,-1.7075,-2.5406
2016-10-31,Bancario,CORP Bancarios AAA,0.0316,-0.0477,-0.5989,-0.1777,-0.1286,-0.0356,0.0247,-0.0036,-0.3481,-0.9553,-1.7223,-2.5537
2016-11-30,Bancario,CORP Bancarios AAA,0.6454,-0.4182,-0.7576,-0.2129,-0.0810,0.0144,0.0459,-0.0231,-0.4039,-1.0085,-1.7929,-2.6218
2016-12-31,Bancario,CORP Bancarios AAA,0.3172,-0.5039,-0.5578,-0.2462,-0.1439,-0.0174,0.0439,-0.0001,-0.3775,-1.0113,-1.7820,-2.6094
2017-01-31,Bancario,CORP Bancarios AAA,-0.2331,-0.3056,-0.2869,-0.2575,-0.1845,-0.0651,0.0056,-0.0186,-0.3648,-0.9738,-1.7503,-2.5875
2017-02-28,Bancario,CORP Bancarios AAA,-0.7377,-0.1880,-0.0327,-0.2908,-0.2601,-0.1111,-0.0226,-0.0370,-0.3697,-0.9518,-1.7475,-2.5961
2017-03-31,Bancario,CORP Bancarios AAA,-0.6120,-0.2415,-0.1464,-0.2970,-0.2047,-0.0839,-0.0166,-0.0433,-0.3831,-0.9730,-1.7595,-2.6008
2017-04-30,Bancario,CORP Bancarios AAA,-0.2116,-0.4458,-0.3067,-0.2935,-0.1925,-0.0483,0.0222,-0.0141,-0.3757,-0.9815,-1.7861,-2.6393
2017-05-31,Bancario,CORP Bancarios AAA,0.4745,-0.7707,-0.6075,-0.2877,-0.0866,0.0229,0.0584,-0.0043,-0.3795,-0.9830,-1.7940,-2.6508
2017-06-30,Bancario,CORP Bancarios AAA,0.5530,-0.5963,-0.7608,-0.3664,-0.1277,0.0470,0.1028,0.0380,-0.3625,-0.9916,-1.8224,-2.6934
2017-07-31,Bancario,CORP Bancarios AAA,0.2227,-0.2851,-0.7960,-0.3732,-0.1526,0.0260,0.0951,0.0460,-0.3508,-1.0042,-1.8114,-2.6699
2017-08-31,Bancario,CORP Bancarios AAA,-0.8058,0.0963,-0.3903,-0.2827,-0.2207,-0.0914,-0.0092,-0.0231,-0.3670,-0.9864,-1.7620,-2.6027
2017-09-30,Bancario,CORP Bancarios AAA,-0.2321,-0.1249,-0.5566,-0.2500,-0.1464,-0.0489,0.0121,-0.0132,-0.3590,-0.9771,-1.7477,-2.5860
2017-10-31,Bancario,CORP Bancarios AAA,0.3263,-0.5649,-0.6851,-0.1825,-0.0763,-0.0165,0.0180,-0.0321,-0.4030,-1.0356,-1.8050,-2.6368
2017-11-30,Bancario,CORP Bancarios AAA,0.3020,-0.6534,-0.7276,-0.1471,-0.0313,-0.0231,-0.0084,-0.0589,-0.4119,-1.0283,-1.7779,-2.5977
2017-12-31,Bancario,CORP Bancarios AAA,0.2880,-0.5949,-0.6194,-0.2700,-0.1264,-0.0219,0.0355,0.0013,-0.3659,-1.0104,-1.7696,-2.6014
2018-01-31,Bancario,CORP Bancarios AAA,-0.1418,-0.4303,-0.4213,-0.3245,-0.1902,-0.0560,0.0202,-0.0015,-0.3643,-1.0122,-1.7720,-2.6067
2018-02-28,Bancario,CORP Bancarios AAA,-0.5099,-0.2118,-0.2033,-0.3021,-0.2476,-0.1032,-0.0083,-0.0133,-0.3624,-1.0035,-1.7654,-2.6025
2018-03-31,Bancario,CORP Bancarios AAA,-0.3013,-0.2566,-0.3458,-0.3207,-0.2349,-0.0747,0.0203,0.0100,-0.3470,-0.9913,-1.7707,-2.6193
2018-04-30,Bancario,CORP Bancarios AAA,0.0601,-0.3347,-0.6983,-0.2820,-0.1191,-0.0148,0.0392,0.0019,-0.3660,-1.0074,-1.7853,-2.6299
2018-05-31,Bancario,CORP Bancarios AAA,-0.1966,-0.5407,-0.4690,-0.2323,-0.1461,-0.0652,-0.0087,-0.0354,-0.3832,-1.0049,-1.7744,-2.6121
2018-06-30,Bancario,CORP Bancarios AAA,-0.0948,-0.5764,-0.5729,-0.2638,-0.1102,-0.0320,0.0060,-0.0415,-0.4033,-1.0170,-1.8091,-2.6578
2018-07-31,Bancario,CORP Bancarios AAA,-0.7626,-0.1300,-0.4716,-0.2041,-0.1261,-0.0866,-0.0450,-0.0715,-0.4019,-1.0032,-1.7682,-2.6023
2018-08-31,Bancario,CORP Bancarios AAA,-0.9721,-0.0478,-0.4090,-0.1579,-0.1258,-0.1095,-0.0724,-0.0958,-0.4092,-0.9851,-1.7494,-2.5818
2018-09-30,Bancario,CORP Bancarios AAA,-0.8209,-0.1301,-0.4232,-0.1564,-0.1388,-0.1095,-0.0624,-0.0799,-0.3971,-0.9884,-1.7426,-2.5695
2018-10-31,Bancario,CORP Bancarios AAA,0.1321,-0.4660,-0.6821,-0.2069,-0.1133,-0.0295,0.0219,-0.0136,-0.3694,-0.9907,-1.7701,-2.6133
2018-11-30,Bancario,CORP Bancarios AAA,0.4540,-0.3627,-0.7580,-0.3122,-0.1488,0.0109,0.0854,0.0512,-0.3267,-0.9752,-1.7676,-2.6219
2018-12-31,Bancario,CORP Bancarios AAA,0.7493,-0.3477,-0.8895,-0.3417,-0.1132,0.0562,0.1247,0.0811,-0.3121,-0.9756,-1.7765,-2.6385
2019-01-31,Bancario,CORP Bancarios AAA,0.1880,-0.3863,-0.5788,-0.2452,-0.1374,-0.0224,0.0470,0.0245,-0.3286,-0.9614,-1.7414,-2.5912
2019-02-28,Bancario,CORP Bancarios AAA,-0.0833,-0.3088,-0.3765,-0.2191,-0.1637,-0.0618,0.0141,0.0065,-0.3217,-0.9336,-1.7100,-2.5597
2019-03-31,Bancario,CORP Bancarios AAA,-0.4380,-0.1874,-0.1900,-0.2079,-0.1855,-0.0929,-0.0103,-0.0024,-0.3059,-0.8997,-1.6690,-2.5170
2019-04-30,Bancario,CORP Bancarios AAA,-0.3493,-0.2763,-0.1666,-0.2625,-0.2312,-0.0868,0.0160,0.0270,-0.2909,-0.9008,-1.6851,-2.5439
2019-05-31,Bancario,CORP Bancarios AAA,-0.2761,-0.5549,-0.1225,-0.2155,-0.1456,-0.0692,-0.0031,-0.0073,-0.3149,-0.9011,-1.6846,-2.5415
2019-06-30,Bancario,CORP Bancarios AAA,0.2810,-0.4607,-0.4416,-0.3156,-0.1299,0.0193,0.0992,0.0852,-0.2616,-0.8937,-1.6992,-2.5750
2019-07-31,Bancario,CORP Bancarios AAA,-0.0354,-0.1399,-0.5495,-0.2431,-0.0836,0.0194,0.0876,0.0791,-0.2491,-0.8701,-1.6611,-2.5306
2019-08-31,Bancario,CORP Bancarios AAA,-0.4724,0.1618,-0.4020,-0.3027,-0.1888,-0.0113,0.1009,0.1184,-0.1988,-0.8176,-1.6246,-2.5093
2019-09-30,Bancario,CORP Bancarios AAA,-0.3486,0.1031,-0.4247,-0.4377,-0.2767,0.0037,0.1557,0.1813,-0.1654,-0.8262,-1.6446,-2.5396
2019-10-31,Bancario,CORP Bancarios AAA,0.1291,-0.1147,-0.6408,-0.4564,-0.2393,0.0392,0.1762,0.1819,-0.1901,-0.8693,-1.6745,-2.5564
2019-11-30,Bancario,CORP Bancarios AAA,-0.1995,-0.3814,-0.5111,-0.3392,-0.2196,-0.0217,0.0615,0.0134,-0.3849,-1.0274,-1.8009,-2.6192
2019-12-31,Bancario,CORP Bancarios AAA,0.2199,-0.4034,-0.4237,-0.3334,-0.2533,0.0029,0.1405,0.1417,-0.2407,-0.9254,-1.7199,-2.5850
2020-01-31,Bancario,CORP Bancarios AAA,-0.3344,-0.2911,-0.2447,-0.4705,-0.3535,-0.0296,0.1362,0.1513,-0.2228,-0.8953,-1.7223,-2.6104
2020-02-29,Bancario,CORP Bancarios AAA,-0.3940,-0.3543,-0.3179,-0.3926,-0.2853,-0.0475,0.0772,0.0739,-0.2928,-0.9453,-1.7357,-2.5895
2020-03-31,Bancario,CORP Bancarios AAA,-0.2257,-0.0811,-0.4832,-0.6246,-0.3477,0.0107,0.1530,0.1239,-0.3075,-1.0131,-1.7715,-2.5866
2020-04-30,Bancario,CORP Bancarios AAA,0.7807,-0.1030,-0.9034,-0.6480,-0.2633,0.1456,0.3010,0.2731,-0.1866,-0.9427,-1.7713,-2.6610
2020-05-31,Bancario,CORP Bancarios AAA,0.3094,-0.3938,-0.5712,-0.4874,-0.2036,0.1141,0.2193,0.1681,-0.2374,-0.8714,-1.7628,-2.6934
2020-06-30,Bancario,CORP Bancarios AAA,0.6895,-0.3644,-0.7583,-0.4866,-0.1088,0.1588,0.2393,0.1853,-0.2205,-0.8764,-1.7488,-2.6722
2020-07-31,Bancario,CORP Bancarios AAA,0.2476,-0.0677,-0.7588,-0.5029,-0.1488,0.1328,0.2210,0.1718,-0.2249,-0.8659,-1.7448,-2.6725
2020-08-31,Bancario,CORP Bancarios AAA,-0.2005,-0.0335,-0.5648,-0.5673,-0.3125,0.0871,0.2432,0.2198,-0.1948,-0.8665,-1.7591,-2.6970
2020-09-30,Bancario,CORP Bancarios AAA,-0.2297,0.0000,-0.6855,-0.6460,-0.3181,0.0942,0.2456,0.2133,-0.2178,-0.9082,-1.7880,-2.7151
2020-10-31,Bancario,CORP Bancarios AAA,0.1242,-0.4572,-0.8227,-0.6405,-0.2891,0.1344,0.2697,0.2043,-0.2611,-0.9451,-1.8750,-2.8251
2020-11-30,Bancario,CORP Bancarios AAA,-0.0556,-0.5781,-0.7784,-0.6473,-0.3557,0.1021,0.2669,0.2149,-0.2702,-0.9933,-1.9279,-2.8788
2020-12-31,Bancario,CORP Bancarios AAA,0.2251,-0.7574,-0.8886,-0.5978,-0.2547,0.1315,0.2599,0.2012,-0.2629,-0.9702,-1.8894,-2.8349
2021-01-31,Bancario,CORP Bancarios AAA,-0.8797,-0.4693,0.0313,-0.5741,-0.4794,-0.0389,0.1718,0.1868,-0.2298,-0.9363,-1.8418,-2.7847
2021-02-28,Bancario,CORP Bancarios AAA,-1.0170,-0.4563,-0.2798,-0.5554,-0.3825,-0.0182,0.1490,0.1399,-0.2917,-1.0126,-1.8970,-2.8209
2021-03-31,Bancario,CORP Bancarios AAA,-0.5240,-0.4551,-0.6148,-0.7743,-0.4606,0.0459,0.2413,0.2117,-0.2736,-1.0265,-1.9459,-2.8877
2021-04-30,Bancario,CORP Bancarios AAA,0.0420,-0.3880,-0.8138,-0.8173,-0.4118,0.0804,0.2688,0.2452,-0.2347,-1.0049,-1.8819,-2.7982
2021-05-31,Bancario,CORP Bancarios AAA,-0.0713,-0.4612,-0.7909,-0.7222,-0.3596,0.0554,0.2139,0.1820,-0.2804,-1.0227,-1.8795,-2.7765
2021-06-30,Bancario,CORP Bancarios AAA,0.0989,-0.7776,-0.6138,-0.7297,-0.4368,0.0167,0.1955,0.1653,-0.3113,-1.0623,-1.9281,-2.8245
2021-07-31,Bancario,CORP Bancarios AAA,-0.4541,-0.5562,-0.8642,-0.3745,-0.0801,-0.0087,0.0070,-0.0596,-0.4398,-1.0711,-1.8310,-2.6507
2021-08-31,Bancario,CORP Bancarios AAA,-0.8568,-0.4260,-0.4575,-0.6222,-0.4454,-0.0772,0.0838,0.0678,-0.3481,-1.0269,-1.8592,-2.7296
2021-09-30,Bancario,CORP Bancarios AAA,-1.1227,-0.7220,0.1050,-0.3049,-0.3324,-0.2195,-0.1201,-0.1022,-0.3943,-0.9718,-1.6950,-2.4965
2021-10-31,Bancario,CORP Bancarios AAA,-0.8774,-1.2990,0.0657,-0.1771,-0.2202,-0.2402,-0.1969,-0.1960,-0.4706,-1.0272,-1.6957,-2.4553
2021-11-30,Bancario,CORP Bancarios AAA,-0.3187,-0.8551,-0.2958,-0.1885,-0.1742,-0.1533,-0.0941,-0.0885,-0.3891,-1.0014,-1.6691,-2.4369
2021-12-31,Bancario,CORP Bancarios AAA,-0.4317,-0.6871,-0.0991,-0.2950,-0.2431,-0.1539,-0.0765,-0.0738,-0.3831,-0.9826,-1.6984,-2.4947
2022-01-31,Bancario,CORP Bancarios AAA,-0.7711,-0.3491,0.1692,-0.1362,-0.2240,-0.2218,-0.1585,-0.1398,-0.4005,-0.9526,-1.6467,-2.4285
2022-02-28,Bancario,CORP Bancarios AAA,-0.9936,-0.4611,0.1652,0.0086,-0.1766,-0.2611,-0.2063,-0.1600,-0.3703,-0.9040,-1.5373,-2.2898
2022-03-31,Bancario,CORP Bancarios AAA,-1.1614,-0.6921,0.3054,0.2049,-0.2745,-0.3418,-0.2535,-0.2005,-0.4144,-0.9176,-1.6214,-2.4055
2022-04-30,Bancario,CORP Bancarios AAA,-1.6536,-0.5276,0.5570,0.1207,-0.3142,-0.3710,-0.2671,-0.1873,-0.3795,-0.8962,-1.5821,-2.3657
2022-05-31,Bancario,CORP Bancarios AAA,-1.6199,-0.3067,0.7853,0.0152,-0.3367,-0.3678,-0.2522,-0.1561,-0.3361,-0.8656,-1.5227,-2.2956
2022-06-30,Bancario,CORP Bancarios AAA,-1.3571,-0.3491,0.5938,0.0498,-0.2750,-0.3250,-0.2347,-0.1649,-0.3591,-0.8753,-1.5591,-2.3458
2022-07-31,Bancario,CORP Bancarios AAA,-0.7510,-0.9425,0.3983,-0.0554,-0.3190,-0.2839,-0.1577,-0.0810,-0.3134,-0.8851,-1.5845,-2.3825
2022-08-31,Bancario,CORP Bancarios AAA,-0.9469,0.1679,0.0288,-0.0156,-0.1801,-0.2551,-0.1740,-0.0941,-0.2993,-0.8836,-1.4892,-2.2327
2022-09-30,Bancario,CORP Bancarios AAA,-1.0514,0.1544,0.2739,0.2352,0.0682,-0.2820,-0.3328,-0.3038,-0.4527,-0.9207,-1.4834,-2.1819
2022-10-31,Bancario,CORP Bancarios AAA,-0.0443,-0.6295,0.2596,0.5415,0.2022,-0.2504,-0.3482,-0.3482,-0.4847,-0.8983,-1.4985,-2.2254
2022-11-30,Bancario,CORP Bancarios AAA,0.3260,-0.1091,0.0084,0.1177,0.0485,-0.1029,-0.1208,-0.1401,-0.3895,-0.9038,-1.6053,-2.3959
2022-12-31,Bancario,CORP Bancarios AAA,-0.1049,0.0334,0.6885,0.1696,-0.1834,-0.2340,-0.1592,-0.1152,-0.3394,-0.8679,-1.5529,-2.3391
2023-01-31,Bancario,CORP Bancarios AAA,-0.6220,0.4609,0.5126,0.0670,-0.1359,-0.2147,-0.1704,-0.1407,-0.3567,-0.8642,-1.5522,-2.3398
2023-02-28,Bancario,CORP Bancarios AAA,-0.8151,0.2940,0.4091,0.1402,-0.1188,-0.2404,-0.2204,-0.2126,-0.4315,-0.9067,-1.6104,-2.3960
2023-03-31,Bancario,CORP Bancarios AAA,-0.5725,0.3044,0.5989,-0.0762,-0.2804,-0.2153,-0.1130,-0.0731,-0.3215,-0.8631,-1.5753,-2.3791
2023-04-30,Bancario,CORP Bancarios AAA,-0.0655,0.1267,0.3456,0.2702,-0.0201,-0.1978,-0.1960,-0.1856,-0.3899,-0.8690,-1.5384,-2.3109
2023-05-31,Bancario,CORP Bancarios AAA,0.7423,0.1077,0.2296,0.0816,-0.0943,-0.1374,-0.0869,-0.0675,-0.3147,-0.8587,-1.5320,-2.3115
2023-06-30,Bancario,CORP Bancarios AAA,1.0685,0.2046,0.1098,-0.1746,-0.2374,-0.0716,0.0479,0.0655,-0.2601,-0.8902,-1.6246,-2.4449
2023-07-31,Bancario,CORP Bancarios AAA,0.8600,0.1514,-0.2110,-0.2903,-0.2262,-0.0347,0.0605,0.0376,-0.3194,-0.9303,-1.7148,-2.5552
2023-08-31,Bancario,CORP Bancarios AAA,-0.5421,0.3886,0.2171,-0.0514,-0.1717,-0.1966,-0.1506,-0.1417,-0.3874,-0.8994,-1.6100,-2.4028
2023-09-30,Bancario,CORP Bancarios AAA,-0.5371,0.2113,0.2894,-0.0383,-0.1647,-0.2205,-0.2056,-0.2256,-0.4663,-0.9181,-1.6510,-2.4403
2023-10-31,Bancario,CORP Bancarios AAA,-0.0346,0.2407,-0.0881,-0.2180,-0.2020,-0.1565,-0.1192,-0.1472,-0.4262,-0.9180,-1.6661,-2.4678
2023-11-30,Bancario,CORP Bancarios AAA,0.3729,0.3032,-0.2600,-0.2102,-0.1509,-0.0721,-0.0261,-0.0613,-0.3864,-0.9497,-1.7007,-2.5154
2023-12-31,Bancario,CORP Bancarios AAA,0.4400,0.0744,-0.1313,-0.1937,-0.1432,-0.0655,-0.0237,-0.0620,-0.3861,-0.9492,-1.6983,-2.5151
2024-01-31,Bancario,CORP Bancarios AAA,0.1511,0.1964,-0.0616,-0.4139,-0.3202,-0.0888,0.0228,0.0066,-0.3513,-0.9633,-1.7452,-2.5793
2024-02-29,Bancario,CORP Bancarios AAA,-0.2793,0.2293,-0.0038,-0.2556,-0.3034,-0.1524,-0.0580,-0.0699,-0.3967,-0.9691,-1.7386,-2.5605
2024-03-31,Bancario,CORP Bancarios AAA,-0.4697,0.2519,0.1044,-0.2616,-0.3499,-0.1765,-0.0617,-0.0557,-0.3656,-0.9286,-1.6989,-2.5252
2024-04-30,Bancario,CORP Bancarios AAA,0.1226,-0.4303,-0.2113,-0.2193,-0.2680,-0.1339,-0.0593,-0.0915,-0.4170,-0.9511,-1.7498,-2.5839
2024-05-31,Bancario,CORP Bancarios AAA,0.7384,-0.4888,-0.3616,-0.4304,-0.3090,-0.0607,0.0547,0.0382,-0.3282,-0.9581,-1.7304,-2.5628
2024-06-30,Bancario,CORP Bancarios AAA,0.9128,-0.5303,-0.6464,-0.4530,-0.2818,-0.0325,0.0804,0.0592,-0.3180,-0.9596,-1.7433,-2.5865
2024-07-31,Bancario,CORP Bancarios AAA,0.2754,-0.2666,-0.3686,-0.5059,-0.3851,-0.0795,0.0681,0.0703,-0.2931,-0.9317,-1.7169,-2.5636
2024-08-31,Bancario,CORP Bancarios AAA,0.0094,-0.2554,-0.2137,-0.4212,-0.4018,-0.1163,0.0426,0.0581,-0.2930,-0.9240,-1.7032,-2.5444
2024-09-30,Bancario,CORP Bancarios AAA,-0.1442,-0.2394,-0.0778,-0.2821,-0.2458,-0.1187,-0.0189,-0.0026,-0.2965,-0.8735,-1.6173,-2.4406
2024-10-31,Bancario,CORP Bancarios AAA,0.5377,-0.5192,-0.0639,-0.4546,-0.3644,-0.0973,0.0523,0.0795,-0.2360,-0.8392,-1.6056,-2.4483
2024-11-30,Bancario,CORP Bancarios AAA,0.4735,-0.3855,-0.1817,-0.5137,-0.3494,-0.0674,0.0772,0.0990,-0.2210,-0.8274,-1.5974,-2.4439
2024-12-31,Bancario,CORP Bancarios AAA,0.2615,-0.1092,-0.3205,-0.6038,-0.3831,-0.0628,0.0876,0.0973,-0.2515,-0.8780,-1.6560,-2.5007
2025-01-31,Bancario,CORP Bancarios AAA,-1.0263,0.3079,0.0034,-0.5498,-0.4127,-0.1645,-0.0222,0.0082,-0.2935,-0.8809,-1.6310,-2.4569
2025-02-28,Bancario,CORP Bancarios AAA,-0.9448,0.4762,-0.1954,-0.4697,-0.4218,-0.1627,-0.0100,0.0134,-0.3150,-0.9239,-1.6849,-2.5121
2025-03-31,Bancario,CORP Bancarios AAA,-0.2196,0.3582,-0.4928,-0.5095,-0.3654,-0.0813,0.0634,0.0726,-0.2769,-0.9061,-1.6870,-2.5335
2025-04-30,Bancario,CORP Bancarios AAA,0.8888,-0.2257,-1.1029,-0.5332,-0.2612,0.0478,0.1712,0.1366,-0.2813,-0.9612,-1.7748,-2.6387
2025-05-31,Bancario,CORP Bancarios AAA,1.1252,-0.4307,-1.0750,-0.5351,-0.2278,0.0591,0.1667,0.1251,-0.2898,-0.9632,-1.7711,-2.6310
2025-06-30,Bancario,CORP Bancarios AAA,0.8713,-0.3539,-0.8900,-0.4730,-0.2283,0.0169,0.1201,0.0954,-0.2840,-0.9346,-1.7338,-2.5961
2025-07-31,Bancario,CORP Bancarios AAA,-0.3214,0.0485,-0.3641,-0.3874,-0.2374,-0.0930,-0.0099,-0.0147,-0.3357,-0.9352,-1.6968,-2.5332
2025-08-31,Bancario,CORP Bancarios AAA,-0.2733,0.0358,-0.4424,-0.3511,-0.2455,-0.0931,-0.0020,-0.0072,-0.3375,-0.9449,-1.7102,-2.5468
2025-09-30,Bancario,CORP Bancarios AAA,0.0860,-0.2928,-0.4312,-0.3767,-0.1895,-0.0618,0.0078,-0.0094,-0.3406,-0.9419,-1.7002,-2.5302
2025-10-31,Bancario,CORP Bancarios AAA,0.7724,-0.4951,-0.6458,-0.5382,-0.2230,0.0137,0.1094,0.0857,-0.2818,-0.9183,-1.7050,-2.5570
2025-11-30,Bancario,CORP Bancarios AAA,1.2593,-0.4165,-0.9011,-0.5938,-0.1895,0.0751,0.1736,0.1483,-0.2279,-0.8787,-1.6837,-2.5567
2025-12-31,Bancario,CORP Bancarios AAA,0.7217,-0.2098,-0.7224,-0.3803,-0.1770,0.0024,0.0864,0.0653,-0.2891,-0.9163,-1.6985,-2.5498
2026-01-31,Bancario,CORP Bancarios AAA,-0.2847,0.3619,-0.1883,-0.4733,-0.3511,-0.0981,0.0410,0.0618,-0.2639,-0.8819,-1.6638,-2.5194
2026-02-28,Bancario,CORP Bancarios AAA,-0.4120,0.4012,-0.3076,-0.4067,-0.3653,-0.1101,0.0338,0.0496,-0.2906,-0.9171,-1.6995,-2.5491
2026-03-31,Bancario,CORP Bancarios AAA,-2.8724,1.0857,0.3250,-0.2015,-0.4075,-0.3441,-0.2186,-0.1439,-0.3456,-0.8510,-1.5437,-2.3333
2026-04-30,Bancario,CORP Bancarios AAA,-1.8087,0.2054,0.3904,-0.2739,-0.4449,-0.2936,-0.1444,-0.0819,-0.3342,-0.8889,-1.6194,-2.4347
2026-05-31,Bancario,CORP Bancarios AAA,0.0600,-0.2759,-0.5979,-0.3170,-0.2543,-0.0776,0.0241,0.0149,-0.3334,-0.9557,-1.7305,-2.5714
2026-06-30,Bancario,CORP Bancarios AAA,1.1048,-0.3526,-0.8200,-0.4033,-0.2021,0.0316,0.1272,0.0908,-0.3066,-0.9704,-1.7767,-2.6401
2026-07-31,Bancario,CORP Bancarios AAA,0.5750,-0.4039,-0.6289,-0.3515,-0.2144,-0.0297,0.0589,0.0334,-0.3352,-0.9732,-1.7599,-2.6092
2016-01-31,Corporativo,CORP AAA,-0.0164,-0.0827,-0.4281,-0.0210,0.0282,0.0776,-0.0303,-0.3963,-1.1314,-1.5493,-1.4480,-1.0588
2016-02-29,Corporativo,CORP AAA,-0.6648,-0.0221,-0.2543,0.0637,0.1483,0.1292,-0.0527,-0.4987,-1.2834,-1.6295,-1.4678,-0.9825
2016-03-31,Corporativo,CORP AAA,-0.8432,0.0208,-0.1505,0.0546,0.1307,0.1066,-0.0706,-0.4987,-1.2493,-1.5839,-1.4484,-1.0001
2016-04-30,Corporativo,CORP AAA,-0.4938,0.0412,-0.2689,0.0020,0.0828,0.1077,-0.0357,-0.4440,-1.2083,-1.5786,-1.4846,-1.0545
2016-05-31,Corporativo,CORP AAA,-0.1838,-0.5932,0.1986,0.0806,0.0544,0.0057,-0.1624,-0.5579,-1.2242,-1.4813,-1.3560,-1.0086
2016-06-30,Corporativo,CORP AAA,-0.1762,-0.5640,-0.0126,0.1155,0.1658,0.0599,-0.1491,-0.5843,-1.2999,-1.5643,-1.3930,-0.9763
2016-07-31,Corporativo,CORP AAA,-0.6052,-0.1812,0.0157,0.1267,0.1385,0.0390,-0.1514,-0.5607,-1.2552,-1.5297,-1.4102,-1.0286
2016-08-31,Corporativo,CORP AAA,-0.8466,0.1063,-0.2396,-0.0912,-0.0730,-0.0481,-0.0800,-0.2950,-0.9175,-1.4292,-1.5830,-1.3809
2016-09-30,Corporativo,CORP AAA,-0.8552,0.1794,-0.2821,-0.3018,-0.2857,-0.1168,-0.0215,-0.1066,-0.6874,-1.3472,-1.6918,-1.6185
2016-10-31,Corporativo,CORP AAA,0.1205,-0.0414,-0.6890,-0.3213,-0.2546,-0.0856,0.0254,-0.0260,-0.5955,-1.3243,-1.7283,-1.7051
2016-11-30,Corporativo,CORP AAA,0.7833,-0.2519,-0.5619,-0.0160,0.0818,0.0587,-0.0680,-0.3973,-1.0581,-1.4603,-1.4517,-1.1812
2016-12-31,Corporativo,CORP AAA,0.4296,-0.4228,-0.5131,-0.2237,-0.1237,-0.0124,-0.0085,-0.2117,-0.8712,-1.4587,-1.6124,-1.4115
2017-01-31,Corporativo,CORP AAA,-0.2141,-0.3127,-0.3189,-0.2890,-0.1963,-0.0536,-0.0107,-0.1717,-0.8217,-1.4461,-1.6747,-1.4998
2017-02-28,Corporativo,CORP AAA,-0.7262,-0.2134,-0.0940,-0.3532,-0.2947,-0.0994,-0.0171,-0.1465,-0.7834,-1.4212,-1.6940,-1.5454
2017-03-31,Corporativo,CORP AAA,-0.6049,-0.2589,-0.1848,-0.3267,-0.2086,-0.0581,-0.0191,-0.1918,-0.8551,-1.4678,-1.6778,-1.4782
2017-04-30,Corporativo,CORP AAA,-0.1580,-0.4359,-0.3411,-0.3356,-0.2104,-0.0318,0.0122,-0.1759,-0.8775,-1.5044,-1.7058,-1.4788
2017-05-31,Corporativo,CORP AAA,0.5925,-0.7154,-0.6224,-0.3373,-0.1238,0.0129,0.0248,-0.1767,-0.8660,-1.4798,-1.6965,-1.4923
2017-06-30,Corporativo,CORP AAA,0.7415,-0.4894,-0.7487,-0.4114,-0.1693,0.0254,0.0529,-0.1565,-0.8712,-1.4946,-1.6981,-1.4837
2017-07-31,Corporativo,CORP AAA,0.3807,-0.1930,-0.7801,-0.4019,-0.1783,0.0106,0.0421,-0.1585,-0.8648,-1.4986,-1.6822,-1.4665
2017-08-31,Corporativo,CORP AAA,-0.8002,0.1046,-0.3727,-0.2441,-0.1697,-0.0556,-0.0454,-0.2482,-0.9117,-1.4809,-1.6146,-1.3885
2017-09-30,Corporativo,CORP AAA,-0.2013,-0.0999,-0.5354,-0.2242,-0.1163,-0.0366,-0.0392,-0.2309,-0.8640,-1.4341,-1.6094,-1.4293
2017-10-31,Corporativo,CORP AAA,0.3812,-0.4666,-0.5329,0.0055,0.0991,0.0576,-0.0731,-0.4219,-1.1451,-1.5792,-1.5031,-1.1397
2017-11-30,Corporativo,CORP AAA,0.3611,-0.5540,-0.5802,0.0258,0.1225,0.0295,-0.1057,-0.4158,-1.0655,-1.4957,-1.4699,-1.1847
2017-12-31,Corporativo,CORP AAA,0.3821,-0.5021,-0.5286,-0.1864,-0.0579,-0.0130,-0.0539,-0.2832,-0.9191,-1.4471,-1.5412,-1.3356
2018-01-31,Corporativo,CORP AAA,-0.0905,-0.3607,-0.3279,-0.2151,-0.0900,-0.0231,-0.0638,-0.3125,-0.9752,-1.4880,-1.5357,-1.2856
2018-02-28,Corporativo,CORP AAA,-0.5128,-0.1766,-0.1180,-0.1759,-0.1213,-0.0431,-0.0744,-0.3279,-1.0071,-1.5145,-1.5414,-1.2618
2018-03-31,Corporativo,CORP AAA,-0.2506,-0.2126,-0.3059,-0.2759,-0.1870,-0.0527,-0.0352,-0.2355,-0.9002,-1.4754,-1.6053,-1.3882
2018-04-30,Corporativo,CORP AAA,0.1406,-0.2672,-0.6434,-0.2308,-0.0689,0.0033,-0.0266,-0.2625,-0.9422,-1.4999,-1.6023,-1.3598
2018-05-31,Corporativo,CORP AAA,-0.1490,-0.4934,-0.4181,-0.1717,-0.0840,-0.0372,-0.0667,-0.2912,-0.9425,-1.4792,-1.5764,-1.3443
2018-06-30,Corporativo,CORP AAA,-0.0033,-0.4977,-0.5047,-0.1943,-0.0389,0.0052,-0.0501,-0.3166,-1.0124,-1.5334,-1.5859,-1.2993
2018-07-31,Corporativo,CORP AAA,-0.7894,-0.1309,-0.4338,-0.1229,-0.0309,-0.0250,-0.0831,-0.3376,-1.0121,-1.5256,-1.5813,-1.2982
2018-08-31,Corporativo,CORP AAA,-1.0461,-0.0755,-0.3727,-0.0596,-0.0111,-0.0362,-0.1082,-0.3682,-1.0255,-1.5054,-1.5631,-1.2860
2018-09-30,Corporativo,CORP AAA,-0.8915,-0.1462,-0.3672,-0.0384,-0.0122,-0.0418,-0.1160,-0.3756,-1.0201,-1.4897,-1.5365,-1.2690
2018-10-31,Corporativo,CORP AAA,0.2063,-0.4050,-0.6346,-0.1653,-0.0741,-0.0201,-0.0439,-0.2599,-0.9049,-1.4523,-1.5925,-1.3896
2018-11-30,Corporativo,CORP AAA,0.5743,-0.2859,-0.7332,-0.3233,-0.1652,-0.0156,0.0128,-0.1634,-0.8101,-1.4193,-1.6430,-1.4922
2018-12-31,Corporativo,CORP AAA,0.9241,-0.2794,-0.9474,-0.4778,-0.2408,-0.0097,0.0878,-0.0200,-0.6786,-1.4161,-1.7629,-1.6640
2019-01-31,Corporativo,CORP AAA,0.2483,-0.3920,-0.6587,-0.3591,-0.2311,-0.0582,0.0279,-0.0746,-0.7041,-1.4078,-1.7377,-1.6328
2019-02-28,Corporativo,CORP AAA,-0.0756,-0.3653,-0.5031,-0.3709,-0.2850,-0.1013,0.0172,-0.0380,-0.6307,-1.3590,-1.7631,-1.7120
2019-03-31,Corporativo,CORP AAA,-0.3343,-0.3743,-0.4308,-0.4099,-0.3374,-0.1352,0.0211,0.0185,-0.5471,-1.3256,-1.8092,-1.8071
2019-05-31,Corporativo,CORP AAA,-0.2610,-0.5442,-0.4277,-0.6269,-0.5043,-0.1715,0.0846,0.1712,-0.3952,-1.3026,-1.9310,-1.9976
2021-03-31,Corporativo,CORP AAA,-0.8039,-0.6323,-0.8537,-1.3088,-0.9819,-0.1350,0.3837,0.5228,-0.4163,-1.7463,-2.4250,-2.2349
2021-04-30,Corporativo,CORP AAA,-0.0173,-0.2015,-0.8893,-1.3715,-0.9548,-0.0584,0.3720,0.3625,-0.6087,-1.7213,-2.2094,-1.9595
2021-11-30,Corporativo,CORP AAA,-0.3877,-0.7273,0.0555,0.2620,0.1933,-0.0859,-0.3331,-0.6761,-1.1105,-1.2604,-1.0944,-0.9164
2021-12-31,Corporativo,CORP AAA,-0.3011,-0.4968,0.1526,-0.0436,-0.0581,-0.1500,-0.2515,-0.4592,-0.8730,-1.1986,-1.2144,-1.1518
2022-01-31,Corporativo,CORP AAA,-0.7937,-0.2268,0.4559,0.2224,0.0715,-0.1534,-0.3252,-0.5816,-0.9729,-1.1945,-1.1389,-1.0392
2022-02-28,Corporativo,CORP AAA,-1.1868,-0.4981,0.3068,0.2385,0.0074,-0.2477,-0.3473,-0.4521,-0.7040,-1.0250,-1.2178,-1.3180
2022-03-31,Corporativo,CORP AAA,-1.3326,-0.6652,0.5628,0.5864,0.0557,-0.2451,-0.4040,-0.6427,-1.0044,-1.1743,-1.1411,-1.0393
2022-04-30,Corporativo,CORP AAA,-1.8947,-0.6057,0.6757,0.3643,-0.0892,-0.2974,-0.3685,-0.5126,-0.8620,-1.1613,-1.2581,-1.2160
2022-05-31,Corporativo,CORP AAA,-1.7387,-0.3968,0.7305,-0.0183,-0.3714,-0.4071,-0.2831,-0.1713,-0.3816,-0.9571,-1.4036,-1.6486
2022-06-30,Corporativo,CORP AAA,-1.5104,-0.4384,0.5823,0.0898,-0.2361,-0.3224,-0.2732,-0.2676,-0.5662,-1.0672,-1.4089,-1.5292
2022-07-31,Corporativo,CORP AAA,-0.8225,-0.9804,0.3942,-0.0561,-0.3422,-0.3468,-0.2380,-0.1743,-0.4517,-1.0165,-1.4466,-1.6381
2022-08-31,Corporativo,CORP AAA,-1.0636,0.1071,0.0255,-0.0090,-0.2055,-0.3341,-0.2603,-0.1393,-0.2883,-0.8740,-1.3688,-1.7012
2022-09-30,Corporativo,CORP AAA,-1.3469,0.0869,0.4681,0.5705,0.3578,-0.1928,-0.4267,-0.5718,-0.7606,-1.0126,-1.1241,-1.2085
2022-10-31,Corporativo,CORP AAA,-0.2131,-0.7267,0.2601,0.6217,0.2930,-0.1993,-0.3460,-0.4027,-0.6048,-1.0138,-1.2913,-1.4387
2022-11-30,Corporativo,CORP AAA,0.3646,-0.1933,-0.2187,-0.1826,-0.2080,-0.1756,-0.0079,0.1347,-0.2380,-1.1112,-1.7807,-2.0054
2022-12-31,Corporativo,CORP AAA,-0.1496,-0.1197,0.4237,-0.1263,-0.4170,-0.2846,-0.0398,0.1494,-0.1939,-1.0639,-1.7350,-1.9904
2023-01-31,Corporativo,CORP AAA,-0.7935,0.2943,0.3601,-0.0483,-0.2079,-0.2017,-0.0961,-0.0532,-0.4466,-1.1403,-1.6464,-1.7727
2023-02-28,Corporativo,CORP AAA,-0.8423,0.2667,0.3912,0.1451,-0.0959,-0.2006,-0.1850,-0.2240,-0.5929,-1.1409,-1.4637,-1.5340
2023-03-31,Corporativo,CORP AAA,-0.6124,0.2077,0.4393,-0.2606,-0.4333,-0.2599,-0.0545,0.0605,-0.3154,-1.0839,-1.6681,-1.8691
2023-04-30,Corporativo,CORP AAA,-0.2399,-0.0133,0.2479,0.2165,-0.0428,-0.1681,-0.1356,-0.1444,-0.5273,-1.1440,-1.5822,-1.6786
2023-05-31,Corporativo,CORP AAA,0.7202,0.0533,0.1283,-0.0613,-0.2348,-0.2075,-0.0580,0.0718,-0.2210,-0.9751,-1.6209,-1.9226
2023-06-30,Corporativo,CORP AAA,1.1324,0.2063,0.0310,-0.3127,-0.3709,-0.1349,0.0588,0.1174,-0.3533,-1.1523,-1.7142,-1.8656
2023-07-31,Corporativo,CORP AAA,0.9177,0.2817,-0.0026,-0.0558,-0.0321,0.0175,-0.0579,-0.3367,-0.9440,-1.3453,-1.4325,-1.2619
2023-08-31,Corporativo,CORP AAA,-0.6402,0.4241,0.4046,0.2128,0.0562,-0.1213,-0.2371,-0.4323,-0.8326,-1.1618,-1.2954,-1.2685
2023-09-30,Corporativo,CORP AAA,-0.5578,0.4140,0.7422,0.5226,0.3053,-0.0733,-0.3828,-0.7634,-1.1334,-1.1426,-0.9850,-0.8558
2023-10-31,Corporativo,CORP AAA,0.0594,0.5843,0.5259,0.4819,0.3546,-0.0353,-0.4108,-0.8619,-1.2015,-1.0742,-0.8197,-0.7053
2023-11-30,Corporativo,CORP AAA,0.4766,0.5069,0.0495,0.1265,0.1199,-0.0042,-0.1717,-0.4789,-0.9856,-1.2654,-1.2497,-1.1100
2023-12-31,Corporativo,CORP AAA,0.4935,0.2053,0.0840,0.0524,0.0628,-0.0009,-0.1233,-0.3976,-0.9380,-1.3041,-1.3643,-1.2246
2024-01-31,Corporativo,CORP AAA,0.2379,0.4169,0.3062,0.0071,0.0273,0.0054,-0.1620,-0.5396,-1.1314,-1.3557,-1.2292,-0.9817
2024-02-29,Corporativo,CORP AAA,-0.2473,0.4531,0.4363,0.2804,0.1507,-0.0094,-0.2567,-0.6962,-1.2626,-1.3600,-1.1099,-0.8115
2024-03-31,Corporativo,CORP AAA,-0.4703,0.4195,0.4614,0.1785,0.0190,-0.0723,-0.2428,-0.5902,-1.1025,-1.2721,-1.1737,-0.9825
2024-04-30,Corporativo,CORP AAA,0.2524,-0.1114,0.3141,0.3726,0.2094,-0.0231,-0.3229,-0.7867,-1.2775,-1.2537,-0.9891,-0.7475
2024-05-31,Corporativo,CORP AAA,0.9002,-0.1702,0.1125,0.0566,0.0534,-0.0283,-0.2294,-0.5997,-1.0859,-1.2190,-1.0847,-0.9339
2024-06-30,Corporativo,CORP AAA,1.1099,-0.1898,-0.1627,0.0286,0.0607,-0.0362,-0.2338,-0.5776,-1.0237,-1.1625,-1.0776,-0.9868
2024-07-31,Corporativo,CORP AAA,0.4809,0.0268,0.0028,-0.1586,-0.1450,-0.0966,-0.1868,-0.4470,-0.9008,-1.1542,-1.1866,-1.1409
2024-08-31,Corporativo,CORP AAA,0.1707,-0.0656,0.0087,-0.2100,-0.2581,-0.1481,-0.1500,-0.3137,-0.7552,-1.1382,-1.3182,-1.3336
2024-09-30,Corporativo,CORP AAA,-0.0545,-0.2303,-0.1490,-0.3888,-0.3525,-0.2079,-0.0783,-0.0345,-0.3925,-1.0354,-1.5731,-1.7832
2024-10-31,Corporativo,CORP AAA,0.7029,-0.3798,0.0252,-0.4592,-0.4431,-0.2543,-0.1141,-0.0446,-0.2959,-0.8552,-1.4259,-1.7707
2024-11-30,Corporativo,CORP AAA,0.6616,-0.2581,-0.1504,-0.6061,-0.5069,-0.2546,-0.0707,0.0419,-0.2105,-0.8416,-1.4952,-1.8795
2024-12-31,Corporativo,CORP AAA,0.4844,0.1168,-0.1086,-0.4660,-0.3378,-0.1781,-0.1315,-0.1931,-0.5135,-0.9455,-1.3153,-1.5294
2025-01-31,Corporativo,CORP AAA,-0.9544,0.4419,0.2072,-0.3380,-0.2713,-0.2064,-0.2173,-0.3293,-0.6539,-1.0020,-1.2535,-1.3829
2025-02-28,Corporativo,CORP AAA,-0.8198,0.6670,0.0870,-0.1406,-0.1589,-0.1401,-0.2249,-0.4594,-0.8797,-1.1339,-1.1883,-1.1591
2025-03-31,Corporativo,CORP AAA,-0.0361,0.5641,-0.2636,-0.3027,-0.2319,-0.1284,-0.1433,-0.3021,-0.7158,-1.0915,-1.2983,-1.3572
2025-04-30,Corporativo,CORP AAA,1.2143,0.0680,-0.8467,-0.3391,-0.1475,-0.0219,-0.0672,-0.2966,-0.8166,-1.2121,-1.3485,-1.3085
2025-05-31,Corporativo,CORP AAA,1.4525,-0.1151,-0.7784,-0.2992,-0.0832,-0.0051,-0.0884,-0.3453,-0.8552,-1.2054,-1.3025,-1.2527
2025-06-30,Corporativo,CORP AAA,1.1302,-0.0797,-0.6202,-0.2722,-0.1181,-0.0518,-0.1063,-0.3132,-0.7861,-1.1685,-1.3289,-1.3268
2025-07-31,Corporativo,CORP AAA,-0.2652,0.1964,-0.1237,-0.1336,-0.0485,-0.0821,-0.1800,-0.4146,-0.8916,-1.2289,-1.3102,-1.2332
2025-08-31,Corporativo,CORP AAA,-0.1951,0.1929,-0.1968,-0.0787,-0.0318,-0.0692,-0.1796,-0.4414,-0.9415,-1.2586,-1.2960,-1.1828
2025-09-30,Corporativo,CORP AAA,0.1526,-0.1540,-0.2148,-0.1506,-0.0286,-0.0743,-0.1685,-0.3817,-0.8376,-1.1992,-1.3305,-1.2904
2025-10-31,Corporativo,CORP AAA,0.9937,-0.2904,-0.4773,-0.4494,-0.2098,-0.0925,-0.0803,-0.1893,-0.6090,-1.0939,-1.4181,-1.5219
2025-11-30,Corporativo,CORP AAA,1.4632,-0.2576,-0.8285,-0.6699,-0.3563,-0.1414,-0.0058,0.0530,-0.2803,-0.9458,-1.5638,-1.8766
2025-12-31,Corporativo,CORP AAA,0.8787,-0.0603,-0.6007,-0.3282,-0.1845,-0.0866,-0.0592,-0.1555,-0.6051,-1.1426,-1.4880,-1.5666
2026-01-31,Corporativo,CORP AAA,-0.2024,0.4496,-0.1116,-0.4478,-0.3719,-0.1755,-0.0703,-0.0999,-0.5196,-1.0969,-1.5098,-1.6399
2026-02-28,Corporativo,CORP AAA,-0.3122,0.5322,-0.1515,-0.2696,-0.2771,-0.1336,-0.1002,-0.2380,-0.7265,-1.2011,-1.4309,-1.4243
2026-03-31,Corporativo,CORP AAA,-3.0324,1.0156,0.3805,-0.0450,-0.2610,-0.3168,-0.3133,-0.3653,-0.6306,-0.9931,-1.2834,-1.4241
2026-04-30,Corporativo,CORP AAA,-1.8609,0.2324,0.5257,-0.0590,-0.2534,-0.2535,-0.2736,-0.4155,-0.7930,-1.1221,-1.2732,-1.2824
2026-05-31,Corporativo,CORP AAA,0.2255,-0.0638,-0.3321,-0.0405,-0.0374,-0.0578,-0.1730,-0.4603,-0.9834,-1.2794,-1.2757,-1.1350
2026-06-30,Corporativo,CORP AAA,1.3462,-0.0948,-0.5592,-0.1864,-0.0519,0.0227,-0.0570,-0.3443,-0.9522,-1.3512,-1.3926,-1.2250
2026-07-31,Corporativo,CORP AAA,0.7274,-0.1761,-0.3288,-0.0538,0.0104,-0.0074,-0.1375,-0.4554,-1.0309,-1.3431,-1.3083,-1.1162
